{"virus": "h3nx", "subtype": null, "gene": "pb1", "window": 5, "min_seqs": 3, "midfreq_high": 0.75, "midfreq_low": 0.15, "window_midpoint": [2006.5, 2007.5, 2008.5, 2009.5, 2010.5, 2011.5, 2012.5, 2013.5], "adaptive_substitutions": [0.0, 0.0, 0.0, 0.0, 0.8409090909090908, 0.9545454545454546, 1.5625, 1.8181818181818181], "adaptive_substitutions_per_codon": [0.0, 0.0, 0.0, 0.0, 0.0011093787479011753, 0.0012592947949148477, 0.0020613456464379947, 0.002398656752218757], "rate_of_adaptation": 0.0003807689122662738, "bootstrap_adaptive_substitutions": [[0.0, 0.0, 0.0, 0.0, 0.8402777777777777, 0.953125, 1.63671875, 1.890625], [0.0, 0.0, 0.0, 0.0, 0.0, 0.0, 0.0, 0.0], [0.0, 0.0, 0.0, 0.0, 0.8888888888888888, 1.0, 1.75, 2.0], [0.0, 0.0, 0.0, 0.0, 0.8871527777777777, 1.0, 1.62109375, 1.875], [0.0, 0.0, 0.0, 0.0, 0.8727858293075684, 0.9855072463768116, 1.6594202898550725, 1.9130434782608696], [0.0, 0.0, 0.0, 0.0, 0.8009259259259258, 0.9166666666666666, 1.40625, 1.6666666666666665], [0.0, 0.0, 0.0, 0.0, 0.0, 0, 0, 0.0], [0.0, 0.0, 0.0, 0.0, 0.8557919621749408, 0.9680851063829787, 1.672872340425532, 1.925531914893617], [0.0, 0.0, 0.0, 0.0, 0.8458049886621315, 0.9591836734693877, 1.5408163265306123, 1.7959183673469388], [0.0, 0.0, 0.0, 0.0, 0.8482384823848238, 0.9634146341463414, 1.521341463414634, 1.7804878048780486], [0.0, 0.0, 0.0, 0.0, 0.0, 0.0, 0.0, 0.0], [0.0, 0.0, 0.0, 0.0, 0.0, 0.0, 0, 0.0], [0.0, 0.0, 0.0, 0.0, 0.8888888888888888, 1.0, 1.75, 2.0], [0.0, 0.0, 0.0, 0.0, 1.7640449438202246, 1.9887640449438202, 3.438202247191011, 3.943820224719101], [0.0, 0.0, 0.0, 0.0, 0.7264957264957265, 0.8461538461538461, 1.1923076923076923, 1.4615384615384615], [0.0, 0.0, 0.0, 0.0, 0.0, 0, 0, 0.0], [0.0, 0.0, 0.0, 0.0, 5.258566978193147, 5.94392523364486, 10.233644859813083, 11.77570093457944], [0.0, 0.0, 0.0, 0.0, 0.0, 0, 0, 0.0], [0.0, 0.0, 0.0, 0.0, 0.0, 0, 0, 0.0], [0.0, 0.0, 0.0, 0.0, 0.8347578347578347, 0.9487179487179487, 1.3333333333333335, 1.5897435897435899], [0.0, 0.0, 0.0, 0.0, 0.0, 0.0, 0.0, 0.0], [0.0, 0.0, 0.0, 0.0, 1.7528344671201812, 1.9795918367346939, 3.4081632653061225, 3.9183673469387754], [0.0, 0.0, 0.0, 0.0, 1.588235294117647, 1.8235294117647058, 2.9411764705882355, 3.4705882352941178], [0.0, 0.0, 0.0, 0.0, 0.0, 0, 0, 0.0], [0.0, 0.0, 0.0, 0.0, 3.4269005847953213, 3.8947368421052633, 6.578947368421052, 7.631578947368421], [0.0, 0.0, 0.0, 0.0, 1.6964769647696476, 1.9268292682926829, 3.262195121951219, 3.7804878048780486], [0.0, 0.0, 0.0, 0.0, 1.7777777777777777, 2.0, 3.5, 4.0], [0.0, 0.0, 0.0, 0.0, 0.8791423001949317, 0.9912280701754386, 1.7039473684210527, 1.956140350877193], [0.0, 0.0, 0.0, 0.0, 1.6830065359477122, 1.911764705882353, 3.161764705882353, 3.676470588235294], [0.0, 0.0, 0.0, 0.0, 0.0, 0, 0, 0.0], [0.0, 0.0, 0.0, 0.0, 0.0, 0, 0.0, 0.0], [0.0, 0.0, 0.0, 0.0, 1.708920187793427, 1.943661971830986, 3.190140845070422, 3.7183098591549295], [0.0, 0.0, 0.0, 0.0, 3.520763187429854, 3.9696969696969697, 6.878787878787879, 7.888888888888889], [0.0, 0.0, 0.0, 0.0, 0.8888888888888888, 1.0, 1.75, 2.0], [0.0, 0.0, 0.0, 0.0, 2.6206896551724137, 2.9655172413793105, 4.948275862068965, 5.724137931034483], [0.0, 0.0, 0.0, 0.0, 1.765432098765432, 1.9898989898989898, 3.404040404040404, 3.909090909090909], [0.0, 0.0, 0.0, 0.0, 0.0, 0, 0, 0.0], [0.0, 0.0, 0.0, 0.0, 0.0, 0, 0, 0.0], [0.0, 0.0, 0.0, 0.0, 0.8333333333333333, 0.9459459459459459, 1.5979729729729728, 1.8513513513513513], [0.0, 0.0, 0.0, 0.0, 0.7833333333333332, 0.9, 1.3375, 1.6], [0.0, 0.0, 0.0, 0.0, 0.8842592592592592, 1.0, 1.6145833333333335, 1.875], [0.0, 0.0, 0.0, 0.0, 0.8505747126436781, 0.9655172413793104, 1.4655172413793103, 1.7241379310344827], [0.0, 0.0, 0.0, 0.0, 0.8559027777777777, 0.96875, 1.57421875, 1.828125], [0.0, 0.0, 0.0, 0.0, 0.8238770685579195, 0.9361702127659575, 1.5984042553191489, 1.851063829787234], [0.0, 0.0, 0.0, 0.0, 2.444444444444444, 2.7916666666666665, 4.885416666666667, 5.666666666666667], [0.0, 0.0, 0.0, 0.0, 0.0, 0, 0, 0.0], [0.0, 0.0, 0.0, 0.0, 0.0, 0, 0.0, 0.0], [0.0, 0.0, 0.0, 0.0, 0.8036529680365296, 0.9178082191780822, 1.4965753424657535, 1.7534246575342465], [0.0, 0.0, 0.0, 0.0, 0.8888888888888888, 1.0, 1.75, 2.0], [0.0, 0.0, 0.0, 0.0, 0.8637566137566137, 0.9761904761904762, 1.6755952380952381, 1.9285714285714286], [0.0, 0.0, 0.0, 0.0, 2.6371308016877637, 2.9746835443037973, 5.139240506329115, 5.89873417721519], [0.0, 0.0, 0.0, 0.0, 0.660033167495854, 0.7761194029850746, 1.335820895522388, 1.5970149253731343], [0.0, 0.0, 0.0, 0.0, 0.877665544332211, 0.98989898989899, 1.6666666666666667, 1.9191919191919191], [0.0, 0.0, 0.0, 0.0, 0.8009259259259258, 0.9166666666666666, 1.3645833333333333, 1.625], [0.0, 0.0, 0.0, 0.0, 0.0, 0, 0, 0.0], [0.0, 0.0, 0.0, 0.0, 0.8871527777777777, 1.0, 1.65234375, 1.90625], [0.0, 0.0, 0.0, 0.0, 0.0, 0, 0, 0.0], [0.0, 0.0, 0.0, 0.0, 0.0, 0, 0, 0.0], [0.0, 0.0, 0.0, 0.0, 0.7973856209150326, 0.9117647058823529, 1.4779411764705883, 1.7352941176470589], [0.0, 0.0, 0.0, 0.0, 1.7754137115839244, 2.0, 3.473404255319149, 3.978723404255319], [0.0, 0.0, 0.0, 0.0, 1.6702508960573477, 1.903225806451613, 3.137096774193548, 3.661290322580645], [0.0, 0.0, 0.0, 0.0, 0.0, 0, 0, 0.0], [0.0, 0.0, 0.0, 0.0, 0.0, 0.0, 0.0, 0.0], [0.0, 0.0, 0.0, 0.0, 0.8756613756613756, 0.9880952380952381, 1.6875, 1.9404761904761905], [0.0, 0.0, 0.0, 0.0, 0.0, 0, 0.0, 0.0], [0.0, 0.0, 0.0, 0.0, 1.7001338688085674, 1.927710843373494, 3.319277108433735, 3.8313253012048194], [0.0, 0.0, 0.0, 0.0, 2.6666666666666665, 3.0, 5.25, 6.0], [0.0, 0.0, 0.0, 0.0, 0.0, 0, 0, 0.0], [0.0, 0.0, 0.0, 0.0, 3.4432367149758454, 3.9021739130434785, 6.7065217391304355, 7.739130434782608], [0.0, 0.0, 0.0, 0.0, 0.0, 0, 0, 0.0], [0.0, 0.0, 0.0, 0.0, 0.0, 0, 0, 0.0], [0.0, 0.0, 0.0, 0.0, 0.8862115127175367, 1.0, 1.5030120481927711, 1.7590361445783134], [0.0, 0.0, 0.0, 0.0, 0.0, 0.0, 0.0, 0.0], [0.0, 0.0, 0.0, 0.0, 0.0, 0.0, 0, 0.0], [0.0, 0.0, 0.0, 0.0, 0.0, 0, 0, 0.0], [0.0, 0.0, 0.0, 0.0, 0.8372093023255813, 0.9534883720930233, 1.319767441860465, 1.5813953488372092], [0.0, 0.0, 0.0, 0.0, 0.0, 0, 0.0, 0.0], [0.0, 0.0, 0.0, 0.0, 0.0, 0, 0, 0.0], [0.0, 0.0, 0.0, 0.0, 0.0, 0, 0, 0.0], [0.0, 0.0, 0.0, 0.0, 0.8397435897435896, 0.9519230769230769, 1.6418269230769231, 1.8942307692307692], [0.0, 0.0, 0.0, 0.0, 1.7120181405895691, 1.9387755102040816, 3.306122448979592, 3.816326530612245], [0.0, 0.0, 0.0, 0.0, 1.4931335830212233, 1.7303370786516854, 2.859550561797753, 3.393258426966292], [0.0, 0.0, 0.0, 0.0, 0.0, 0, 0.0, 0.0], [0.0, 0.0, 0.0, 0.0, 0.0, 0.0, 0.0, 0.0], [0.0, 0.0, 0.0, 0.0, 0.0, 0, 0.0, 0.0], [0.0, 0.0, 0.0, 0.0, 1.7072310405643738, 1.9365079365079365, 3.2301587301587302, 3.746031746031746], [0.0, 0.0, 0.0, 0.0, 2.6590909090909087, 3.0, 5.096590909090909, 5.863636363636363], [0.0, 0.0, 0.0, 0.0, 0.0, 0, 0, 0.0], [0.0, 0.0, 0.0, 0.0, 0.0, 0, 0, 0.0], [0.0, 0.0, 0.0, 0.0, 0.0, 0.0, 0.0, 0.0], [0.0, 0.0, 0.0, 0.0, 2.5925925925925926, 2.9365079365079367, 4.908730158730158, 5.682539682539683], [0.0, 0.0, 0.0, 0.0, 0.8791423001949317, 0.9912280701754386, 1.7039473684210527, 1.956140350877193], [0.0, 0.0, 0.0, 0.0, 0.0, 0, 0, 0.0], [0.0, 0.0, 0.0, 0.0, 1.7612612612612613, 1.9864864864864864, 3.385135135135135, 3.891891891891892], [0.0, 0.0, 0.0, 0.0, 0.0, 0, 0.0, 0.0], [0.0, 0.0, 0.0, 0.0, 0.0, 0, 0, 0.0], [0.0, 0.0, 0.0, 0.0, 0.7973856209150326, 0.9117647058823529, 1.5073529411764706, 1.7647058823529411], [0.0, 0.0, 0.0, 0.0, 2.543859649122807, 2.8947368421052633, 4.7368421052631575, 5.526315789473684], [0.0, 0.0, 0.0, 0.0, 1.7053140096618356, 1.934782608695652, 3.320652173913044, 3.8369565217391304], [0.0, 0.0, 0.0, 0.0, 0.0, 0, 0, 0.0]],