{"virus": "h3nx", "subtype": null, "gene": "ha", "window": 5, "min_seqs": 3, "midfreq_high": 0.75, "midfreq_low": 0.15, "window_midpoint": [2006.5, 2007.5, 2008.5, 2009.5, 2010.5, 2011.5, 2012.5, 2013.5], "adaptive_substitutions": [0.0, 0.0, 0.0, 0.0, 0.0, 0.13661354952940075, 2.394612639576378, 4.528375733855186], "adaptive_substitutions_per_codon": [0.0, 0.0, 0.0, 0.0, 0.0, 0.00024094100446102424, 0.004223302715302254, 0.00798655332249592], "rate_of_adaptation": 0.0009255382124686403, "bootstrap_adaptive_substitutions": [[0.0, 0.0, 0.0, 0.0, 0.0, 0.0, 1.483844241922121, 3.6325224071702946], [0.0, 0.0, 0.0, 0.0, 0.0, 0.2004148301788956, 3.7402583537952387, 6.07177033492823], [0.0, 0.0, 0.0, 0.0, 0.0, 0.0, 5.637217624692462, 9.566539923954373], [0.0, 0.0, 0.0, 0.0, 0.0, 0.2095933263816474, 1.3649635036496348, 3.11877903118779], [0.0, 0.0, 0.0, 0.0, 0.0, 0.0, 0.6867448628626869, 2.3058470764617693], [0.0, 0.0, 0.0, 0.0, 0.0, 1.0901264460586493, 3.354602858092389, 4.598870056497175], [0.0, 0.0, 0.0, 0.0, 0.0, 0.3313921747042765, 3.553540651929561, 5.743717429067748], [0.0, 0.0, 0.0, 0.0, 0.0, 0.0, 1.0046763475264586, 3.866108786610879], [0.0, 0.0, 0.0, 0.0, 0.0, 0.2795599661512423, 2.931388387342012, 4.966955500073432], [0.0, 0.0, 0.0, 0.0, 0.0, 0.0, 0.9831932773109244, 3.7272727272727275], [0.0, 0.0, 0.0, 0.0, 0.0, 0.0, 2.1428571428571432, 3.220779220779221], [0.0, 0.0, 0.0, 0.0, 0.0, 1.3968253968253965, 4.054901960784313, 9.896969696969695], [0.0, 0.0, 0.0, 0.0, 0.0, 0.0, 0, 0.1999999999999993], [0.0, 0.0, 0.0, 0.0, 0.0, 1.1491829204006325, 2.61102669850228, 5.858101308285811], [0.0, 0.0, 0.0, 0.0, 0.0, 0.06878306878306872, 2.0, 4.262626262626263], [0.0, 0.0, 0.0, 0.0, 0.0, 0.15860945138511673, 0.9736076940281819, 0.8527480124438298], [0.0, 0.0, 0.0, 0.0, 0.0, 0.44684944684944683, 0.9221628045157457, 2.292929292929293], [0.0, 0.0, 0.0, 0.0, 0.0, 0.0, 1.2509888988133215, 1.849733780319464], [0.0, 0.0, 0.0, 0.0, 0.0, 1.3372722796651895, 3.083934312277348, 7.222505706996106], [0.0, 0.0, 0.0, 0.0, 0.0, 1.3934837092731829, 5.916408668730649, 9.722488038277511], [0.0, 0.0, 0.0, 0.0, 0.0, 0.0, 4.95438175270108, 7.6437847866419295], [0.0, 0.0, 0.0, 0.0, 0.0, 0.3838978890525282, 1.3499090357792605, 4.650421743205248], [0.0, 0.0, 0.0, 0.0, 0.0, 0.0, 0.0, 1.1313131313131315], [0.0, 0.0, 0.0, 0.0, 0.0, 1.3209876543209875, 3.2962962962962967, 4.922558922558922], [0.0, 0.0, 0.0, 0.0, 0.0, 0.0, 1.0601062855048562, 5.526479750778816], [0.0, 0.0, 0.0, 0.0, 0.0, 0.43513052603961694, 3.697131745260087, 4.601552717255197], [0.0, 0.0, 0.0, 0.0, 0.0, 0.7696880554023411, 2.8005148005148004, 4.314379314379314], [0.0, 0.0, 0.0, 0.0, 0.0, 0.0, 3.0610492845786963, 6.104668304668305], [0.0, 0.0, 0.0, 0.0, 0.0, 0.15947275596398391, 4.4725375530329075, 7.734892787524366], [0.0, 0.0, 0.0, 0.0, 0.0, 0.181315644002211, 1.5834552726563258, 1.5124378109452739], [0.0, 0.0, 0.0, 0.0, 0.0, 1.8360578062070598, 6.018729880011707, 7.42620232172471], [0.0, 0.0, 0.0, 0.0, 0.0, 0.22984951556380118, 1.1487140310669723, 4.9354584809130255], [0.0, 0.0, 0.0, 0.0, 0.0, 0.0, 0.9411764705882353, 1.3333333333333335], [0.0, 0.0, 0.0, 0.0, 0.0, 0.0, 1.1977471839799754, 3.1914893617021276], [0.0, 0.0, 0.0, 0.0, 0.0, 0.0, 5.112877583465819, 8.45945945945946], [0.0, 0.0, 0.0, 0.0, 0.0, 2.3592039800995024, 5.870588235294116, 11.034464043419266], [0.0, 0.0, 0.0, 0.0, 0.0, 0.2999322951929588, 2.8009478672985786, 6.062473071951745], [0.0, 0.0, 0.0, 0.0, 0.0, 0.0, 0, 0], [0.0, 0.0, 0.0, 0.0, 0.0, 0.2678936605316973, 2.317214002165283, 5.815393195761294], [0.0, 0.0, 0.0, 0.0, 0.0, 0.3566411978081345, 2.6612641815235003, 6.7807573301900685], [0.0, 0.0, 0.0, 0.0, 0.0, 0.13661354952940097, 1.9502705191665715, 4.6653620352250496], [0.0, 0.0, 0.0, 0.0, 0.0, 1.3214462605250124, 5.428546455729394, 7.594083479670404], [0.0, 0.0, 0.0, 0.0, 0.0, 0.0, 2.5572755417956654, 3.789473684210527], [0.0, 0.0, 0.0, 0.0, 0.0, 0.0, 3.966854219948849, 8.594782608695652], [0.0, 0.0, 0.0, 0.0, 0.0, 0.5869191049913944, 2.9220411055988667, 4.72289156626506], [0.0, 0.0, 0.0, 0.0, 0.0, 0.16293074606891933, 2.727097396335583, 5.2716627634660425], [0.0, 0.0, 0.0, 0.0, 0.0, 0.24683431425004454, 1.6501432033487553, 3.550561797752809], [0.0, 0.0, 0.0, 0.0, 0.0, 0.0, 0.1456758251890098, 4.917355371900827], [0.0, 0.0, 0.0, 0.0, 0.0, 0.7185305240410588, 3.314233959386023, 4.647708855164284], [0.0, 0.0, 0.0, 0.0, 0.0, 0.0, 0.23883364233945725, 3.0797082573586874], [0.0, 0.0, 0.0, 0.0, 0.0, 0.2824146981627298, 0.9918480778138035, 3.7329992841803863], [0.0, 0.0, 0.0, 0.0, 0.0, 1.223763924174321, 4.743461817011346, 7.696430792190026], [0.0, 0.0, 0.0, 0.0, 0.0, 0.0, 2.3302231237322513, 6.51473354231975], [0.0, 0.0, 0.0, 0.0, 0.0, 0.0, 2.903225806451613, 8.276078759949728], [0.0, 0.0, 0.0, 0.0, 0.0, 0.0, 0.4363330057560013, 1.8305489260143197], [0.0, 0.0, 0.0, 0.0, 0.0, 0.0, 1.4544541402473476, 7.281847288250702], [0.0, 0.0, 0.0, 0.0, 0.0, 0.0, 2.0882352941176467, 3.2196969696969697], [0.0, 0.0, 0.0, 0.0, 0.0, 0.3193426042983565, 3.6910983862571576, 6.602252614641995], [0.0, 0.0, 0.0, 0.0, 0.0, 0.0, 1.3212045169385196, 1.9084065244667505], [0.0, 0.0, 0.0, 0.0, 0.0, 0.10264550264550254, 1.5607843137254902, 4.456565656565656], [0.0, 0.0, 0.0, 0.0, 0.0, 0.0, 1.3844082211197728, 3.5734939759036144], [0.0, 0.0, 0.0, 0.0, 0.0, 0.3838978890525282, 4.8817465130382045, 7.820056232427366], [0.0, 0.0, 0.0, 0.0, 0.0, 0.07619047619047625, 5.806191950464395, 8.707177033492822], [0.0, 0.0, 0.0, 0.0, 0.0, 0.24628450106157118, 4.634694642188085, 7.50839606253619], [0.0, 0.0, 0.0, 0.0, 0.0, 0.5723979159093662, 4.0561293219577905, 6.520009252833679], [0.0, 0.0, 0.0, 0.0, 0.0, 2.149283242708848, 4.982291878689191, 9.891160742371815], [0.0, 0.0, 0.0, 0.0, 0.0, 0.14020689065572367, 0, 2.704096621511343], [0.0, 0.0, 0.0, 0.0, 0.0, 0.0, 0, 0], [0.0, 0.0, 0.0, 0.0, 0.0, 0.0, 1.543586109142452, 4.441558441558441], [0.0, 0.0, 0.0, 0.0, 0.0, 0.0, 1.8547593582887698, 3.806942148760331], [0.0, 0.0, 0.0, 0.0, 0.0, 0.0, 2.3883842144452716, 6.606904487917147], [0.0, 0.0, 0.0, 0.0, 0.0, 0.1796825396825399, 0.0, 1.6800000000000006], [0.0, 0.0, 0.0, 0.0, 0.0, 0.997779422649889, 2.2368180432794884, 4.72538860103627], [0.0, 0.0, 0.0, 0.0, 0.0, 0.38095238095238104, 4.4809688581314875, 8.064171122994653], [0.0, 0.0, 0.0, 0.0, 0.0, 0.0, 2.0971579643093197, 8.929519918283964], [0.0, 0.0, 0.0, 0.0, 0.0, 0.0, 5.174688057040997, 8.253443526170798], [0.0, 0.0, 0.0, 0.0, 0.0, 0.7118822292323869, 0.4531452959732789, 1.331230283911672], [0.0, 0.0, 0.0, 0.0, 0.0, 0.4086021505376344, 3.3161980334655854, 4.055718475073314], [0.0, 0.0, 0.0, 0.0, 0.0, 0.0, 1.5344112328475699, 5.355416735163571], [0.0, 0.0, 0.0, 0.0, 0.0, 0.38095238095238093, 0.3405572755417957, 2.2296650717703352], [0.0, 0.0, 0.0, 0.0, 0.0, 0.0, 1.3897962133256254, 2.647308465490284], [0.0, 0.0, 0.0, 0.0, 0.0, 0.0, 2.0760618446774477, 4.306783850590497], [0.0, 0.0, 0.0, 0.0, 0.0, 0.0, 0.8102108768035521, 3.505431675242997], [0.0, 0.0, 0.0, 0.0, 0.0, 0.8730857981959301, 4.209380668566985, 10.654385262314776], [0.0, 0.0, 0.0, 0.0, 0.0, 1.2685284640171857, 0.3038478549314467, 2.0977443609022557], [0.0, 0.0, 0.0, 0.0, 0.0, 0.0, 0.4575774234927614, 3.516567544604928], [0.0, 0.0, 0.0, 0.0, 0.0, 0.06382189239332114, 0.0, 2.467296340023614], [0.0, 0.0, 0.0, 0.0, 0.0, 0.0, 0.0, 6.311152764761012], [0.0, 0.0, 0.0, 0.0, 0.0, 0.7619047619047619, 2.4705882352941178, 6.818181818181818], [0.0, 0.0, 0.0, 0.0, 0.0, 0.0, 2.9111299195937366, 6.71680837148463], [0.0, 0.0, 0.0, 0.0, 0.0, 0.0, 4.919358288770052, 6.506446280991736], [0.0, 0.0, 0.0, 0.0, 0.0, 0.7934850180280989, 3.8160036860697275, 4.6214099216710185], [0.0, 0.0, 0.0, 0.0, 0.0, 0.1811811811811812, 3.410704822469527, 7.032487032487033], [0.0, 0.0, 0.0, 0.0, 0.0, 0.6141086571614947, 3.4235063888569126, 6.142857142857142], [0.0, 0.0, 0.0, 0.0, 0.0, 1.961064987117091, 4.307438406224213, 5.326653306613227], [0.0, 0.0, 0.0, 0.0, 0.0, 1.0825593395252837, 1.9351666363139681, 7.510273008725021], [0.0, 